description,category
Report Cover,Office Supplies
Cloth,Kitchen
Page,Other
Copier,Electronics
Job,Other
Sons,Other
Frames,Furniture
Briefs,Clothing
Projector,Electronics
Website,Other
Wooden Art,Furniture
Mouse,Electronics
Cable,Electronics
Glasss,Kitchen
Marble Bookshelf,Furniture
Processor,Electronics
Projectors,Electronics
Adapter,Electronics
Jeanss,Clothing
State,Other
Wok,Kitchen
Number,Other
Cutlery,Kitchen
Amount,Other
Asus,Electronics
Glue,Office Supplies
CPU,Electronics
Oven,Kitchen
Bookshelf,Furniture
Floorings,Furniture
Scarfs,Clothing
Email,Other
Phone,Other
Vodka,Beverages
Gross,Other
Utensil,Kitchen
Tax,Other
Merlot,Beverages
Pot,Kitchen
Sparkling,Beverages
Subtotal,Other
Sponge,Kitchen
Ruler,Office Supplies
iPhone,Electronics
Marble Painting,Furniture
Light,Furniture
Hubs,Electronics
Folder,Office Supplies
Wooden Stone,Furniture
Signatory,Other
Liqueur,Beverages
Plate,Kitchen
Divider,Office Supplies
Mirror,Furniture
Pinot,Beverages
Method,Other
Statue,Furniture
Calendar,Office Supplies
Pine,Furniture
Bowl,Kitchen
Oxford,Clothing
Leggings,Clothing
Mahogany,Furniture
Registered,Other
Inc,Other
Switch,Electronics
Cooktop,Kitchen
Authorized,Other
Champagne,Beverages
Gross,Other
State,Other
Adhesive,Office Supplies
Espresso,Beverages
Stone,Furniture
Invoice,Other
Clips,Office Supplies
Spoons,Kitchen
Printer,Electronics
Office,Other
Coat,Clothing
Envelopes,Office Supplies
Account,Other
Bleach,Kitchen
Pen,Office Supplies
Cardigan,Clothing
Whiteboards,Office Supplies
Quartzs,Furniture
Ethernet,Electronics
Authorized,Other
Wooden Armoire,Furniture
Purchase,Other
Label,Office Supplies
VAT,Other
Co.,Other
Report Cover,Office Supplies
Ship,Other
Workstation,Electronics
Sofa,Furniture
Fork,Kitchen
Soda,Beverages
Signature,Other
Marble Desk,Furniture
Subtotal,Other
Chandeliers,Furniture
Seating,Furniture
Conditions,Other
Desk,Furniture
Client,Other
Amount,Other
VAT,Other
Mug,Kitchen
Zip,Other
Glove,Clothing
Date,Other
Beer,Beverages
Wooden Rug,Furniture
Bowl,Kitchen
Amount,Other
Wine,Beverages
Knife,Kitchen
Wooden Lamp,Furniture
Bookcases,Furniture
Quartz,Furniture
Sandal,Clothing
Hat,Clothing
Set of Refrigerators,Kitchen
Water,Beverages
Fax,Other
Rum,Beverages
Oxfords,Clothing
Mahogany,Furniture
UPSs,Electronics
HDMI,Electronics
Business,Other
Ltd,Other
Tuxedo,Clothing
Set of Pots,Kitchen
Set of Dishwashers,Kitchen
Bookshelfs,Furniture
Screen,Electronics
Wooden Chair,Furniture
Invoice,Other
Cartridges,Electronics
Crayon,Office Supplies
Wood,Furniture
Walnut,Furniture
Lenovo,Electronics
Bra,Clothing
Teak,Furniture
Oaks,Furniture
Conditions,Other
Rose,Beverages
HDMI,Electronics
Sweater,Clothing
Tunic,Clothing
Vest,Clothing
Fork,Kitchen
Wine,Beverages
Bill,Other
Calculator,Office Supplies
Detergent,Kitchen
Dish,Kitchen
Woks,Kitchen
Dish,Kitchen
Tile,Furniture
Charger,Electronics
Sharpie,Office Supplies
Total,Other
UPS,Electronics
Account,Other
Balance,Other
Nightstand,Furniture
Refrigerator,Kitchen
Co.,Other
Sprite,Beverages
Art,Furniture
Dishwasher,Kitchen
Dresser,Furniture
Post-its,Office Supplies
Acer,Electronics
Socks,Clothing
Soda,Beverages
Samsung,Electronics
Asus,Electronics
Sconce,Furniture
Bourbon,Beverages
VAT,Other
Marble,Furniture
Pumps,Clothing
Ciders,Beverages
Marquetry,Furniture
Switch,Electronics
Desktops,Electronics
Graphics Card,Electronics
Tequila,Beverages
IBAN,Other
Hoodie,Clothing
Address,Other
Carafes,Kitchen
Ales,Beverages
Painting,Furniture
Pants,Clothing
Webcam,Electronics
Cup,Kitchen
Flooring,Furniture
Statues,Furniture
Reference,Other
Mailer,Office Supplies
Wooden Dresser,Furniture
Bench,Furniture
Beanie,Clothing
Shoe,Clothing
Webcam,Electronics
IPA,Beverages
Mug,Kitchen
Cardigan,Clothing
Saucer,Kitchen
Tile,Furniture
Adhesives,Office Supplies
Website,Other
Order,Other
Oak,Furniture
SWIFT,Other
Quartz,Furniture
Registered,Other
Sponge,Kitchen
Marble Cabinet,Furniture
Wood,Furniture
Modem,Electronics
Wooden Sconce,Furniture
Dell,Electronics
Armoire,Furniture
Glove,Clothing
Armoire,Furniture
Belt,Clothing
From,Other
Blazer,Clothing
Job,Other
Papers,Office Supplies
Saucepan,Kitchen
Server,Electronics
Hoodie,Clothing
Corkboard,Office Supplies
Label,Office Supplies
Set of Stoves,Kitchen
Ltd,Other
Refrigerator,Kitchen
Stool,Furniture
Business,Other
Zip,Other
Ship,Other
Chandelier,Furniture
Liqueur,Beverages
Vase,Furniture
Rum,Beverages
Laptop,Electronics
Eraser,Office Supplies
USB,Electronics
Samsung,Electronics
Office,Other
Dishwashers,Kitchen
Wooden Wood,Furniture
Cloth,Kitchen
Dress,Clothing
City,Other
Lenovo,Electronics
Sneaker,Clothing
Canvas,Furniture
Chandelier,Furniture
Briefs,Clothing
Account,Other
Office,Other
Headset,Electronics
Total,Other
Payment,Other
Chandelier,Furniture
Page,Other
Wooden Stool,Furniture
Detergent,Kitchen
Order,Other
Ottomans,Furniture
Screen,Electronics
LED,Furniture
Sparkling,Beverages
Freezer,Kitchen
Bank,Other
Rum,Beverages
Stool,Furniture
Street,Other
Mob,Other
Cork,Kitchen
HP,Electronics
Mahogany,Furniture
Prosecco,Beverages
Staples,Office Supplies
Ethernet,Electronics
Microsoft,Electronics
Wine Glass,Kitchen
Samsung,Electronics
Pins,Office Supplies
Marker,Office Supplies
Marble,Furniture
Order,Other
No.,Other
Sweater,Clothing
Street,Other
Wooden Tile,Furniture
Terms,Other
Proseccos,Beverages
Uniform,Clothing
Credenza,Furniture
Wooden Couch,Furniture
Set of Corks,Kitchen
Credenza,Furniture
From,Other
Wine,Beverages
Workstation,Electronics
Socks,Clothing
Eraser,Office Supplies
RAM,Electronics
Net,Other
Tax,Other
Monitor,Electronics
Heel,Clothing
Towel,Kitchen
iPad,Electronics
Chardonnay,Beverages
Tunic,Clothing
Webcam,Electronics
Marble Mat,Furniture
Corporation,Other
Merlot,Beverages
Printer,Electronics
Juice,Beverages
Email,Other
Oven,Kitchen
Top,Clothing
PO,Other
Shoe,Clothing
Portfolio,Office Supplies
Wardrobes,Furniture
Number,Other
Sauvignons,Beverages
Goblet,Kitchen
Inlay,Furniture
Ltd,Other
iPhone,Electronics
Adapter,Electronics
Set of Bottles,Kitchen
Marble,Furniture
Divider,Office Supplies
Workstation,Electronics
Corporation,Other
Purchase,Other
Tee,Clothing
Coffee Maker,Kitchen
Tuxedos,Clothing
SWIFT,Other
Pans,Kitchen
Cardigans,Clothing
Belt,Clothing
Stoves,Kitchen
City,Other
Inc,Other
Client,Other
Statue,Furniture
Corp,Other
Galaxy,Electronics
Couch,Furniture
Heel,Clothing
Folders,Office Supplies
Amount,Other
Sons,Other
Inc,Other
Prosecco,Beverages
Coke,Beverages
Screens,Electronics
Sofa,Furniture
Shelf,Furniture
Pump,Clothing
Sneaker,Clothing
Walnut,Furniture
Dishwasher,Kitchen
Set of Knifes,Kitchen
Statue,Furniture
Bourbon,Beverages
Tea,Beverages
Sticker,Office Supplies
Registered,Other
Wooden Seating,Furniture
Zip,Other
Label,Office Supplies
Tab,Office Supplies
Pin,Office Supplies
Laptop,Electronics
Payment,Other
Business,Other
Fax,Other
USB,Electronics
Wooden Granite,Furniture
Chair,Furniture
Copier,Electronics
Wifis,Beverages
Tel,Other
Cognacs,Beverages
Roaster,Kitchen
Sodas,Beverages
Zip,Other
From,Other
Sheet,Kitchen
Corkboard,Office Supplies
Tumbler,Kitchen
To,Other
Set of Mugs,Kitchen
Coffee,Beverages
USB,Electronics
Trays,Kitchen
Sweater,Clothing
Webcam,Electronics
Goblet,Kitchen
Coffees,Beverages
Lingerie,Clothing
Wifi,Beverages
Website,Other
Brandy,Beverages
Sauvignon,Beverages
Modem,Electronics
Envelopes,Office Supplies
Wood,Furniture
Office,Other
Lingerie,Clothing
Due,Other
Wooden Canvas,Furniture
Credenzas,Furniture
Galaxy,Electronics
Hard Drive,Electronics
Portfolio,Office Supplies
Paid,Other
Cap,Clothing
Marble Quartz,Furniture
Coffee Maker,Kitchen
Rug,Furniture
Cork,Kitchen
Tequila,Beverages
Marble Marble,Furniture
CPUs,Electronics
Pencil,Office Supplies
Toaster,Kitchen
Ship,Other
Capris,Clothing
LLC,Other
Marker,Office Supplies
Headset,Electronics
Adhesive,Office Supplies
Marker,Office Supplies
Client,Other
Blenders,Kitchen
Flatware,Kitchen
Adapter,Electronics
Balance,Other
Wooden LED,Furniture
Ink,Electronics
Note,Office Supplies
PLC,Other
Spoon,Kitchen
Mattresss,Furniture
Hoodie,Clothing
Cup,Kitchen
Wood,Furniture
Pot,Kitchen
Liqueur,Beverages
File,Office Supplies
Clip,Office Supplies
Mirrors,Furniture
Laptop,Electronics
Boxers,Clothing
Sofa,Furniture
Memory,Electronics
Cabinet,Furniture
Rug,Furniture
Payment,Other
State,Other
Wooden Bookshelf,Furniture
Wooden Bench,Furniture
Tablet,Electronics
Oak,Furniture
Detergent,Kitchen
Water,Beverages
Hat,Clothing
Marble Ottoman,Furniture
Dell,Electronics
Stone,Furniture
You,Other
Job,Other
Bed,Furniture
Binder,Office Supplies
Folder,Office Supplies
Mixer,Kitchen
Staples,Office Supplies
Cabinet,Furniture
Microsoft,Electronics
Marble Stool,Furniture
Eraser,Office Supplies
Label,Office Supplies
Paid,Other
Corkboards,Office Supplies
Drawer,Furniture
Computer,Electronics
PO,Other
Co.,Other
Top,Clothing
VAT,Other
Address,Other
Oak,Furniture
ThinkPad,Electronics
Adhesive,Office Supplies
Decor,Furniture
Carpet,Furniture
Bank,Other
Terms,Other
Ltd,Other
Subtotal,Other
Pot,Kitchen
Dresss,Clothing
Glue,Office Supplies
Job,Other
Decors,Furniture
Gown,Clothing
Sprite,Beverages
Detergent,Kitchen
Wooden Carpet,Furniture
Charger,Electronics
Jeans,Clothing
GPU,Electronics
Bulb,Furniture
Inc,Other
Boot,Clothing
Blender,Kitchen
Wine,Beverages
Net,Other
Shorts,Clothing
Sofa,Furniture
Teaks,Furniture
Hub,Electronics
Cooktop,Kitchen
Workstation,Electronics
Purchase,Other
Wardrobe,Furniture
Cabernet,Beverages
Order,Other
Light,Furniture
Art,Furniture
Sneakers,Clothing
City,Other
Zip,Other
Inc,Other
Pen,Office Supplies
Cartridge,Electronics
PLC,Other
Phone,Electronics
Chardonnays,Beverages
Cabernet,Beverages
Corp,Other
Date,Other
Cable,Electronics
Drawer,Furniture
Carpets,Furniture
Sconces,Furniture
Code,Other
No.,Other
PLC,Other
Pinot,Beverages
Carafe,Kitchen
Set of Skillets,Kitchen
Gross,Other
Note,Office Supplies
Smartphone,Electronics
Light,Furniture
Calendar,Office Supplies
Apple,Electronics
Kettle,Kitchen
Kettle,Kitchen
Cabernet,Beverages
Coffee,Beverages
Carpet,Furniture
Whiskey,Beverages
CPU,Electronics
Pinots,Beverages
IBAN,Other
Couchs,Furniture
IBAN,Other
Spoon,Kitchen
Brandys,Beverages
Microphone,Electronics
Stapler,Office Supplies
Set of Bleachs,Kitchen
Ink,Electronics
Towel,Kitchen
Fixture,Furniture
Frame,Furniture
Monitor,Electronics
Set of Glasss,Kitchen
Bourbon,Beverages
To,Other
Brandy,Beverages
Towel,Kitchen
Street,Other
Cardstock,Office Supplies
Amount,Other
Cardigan,Clothing
Website,Other
Set of Plates,Kitchen
Wooden Nightstand,Furniture
Phone,Electronics
Signatory,Other
Ltd,Other
Reference,Other
Signature,Other
Bank,Other
Lamps,Furniture
Acer,Electronics
Microwave,Kitchen
Cloth,Kitchen
Network,Electronics
Vodkas,Beverages
Lenovos,Electronics
Total,Other
Kettle,Kitchen
Bra,Clothing
Hoodie,Clothing
Prosecco,Beverages
Polo,Clothing
Ovens,Kitchen
IPA,Beverages
City,Other
Computer,Electronics
SWIFT,Other
To,Other
Vase,Furniture
Stout,Beverages
Email,Other
Loafer,Clothing
Tel,Other
Planner,Office Supplies
Canvass,Furniture
Marble Light,Furniture
Bleach,Kitchen
Heel,Clothing
GPU,Electronics
Ship,Other
Coat,Clothing
Tel,Other
Vase,Furniture
Cardstock,Office Supplies
Sprite,Beverages
Tax,Other
Towel,Kitchen
CPU,Electronics
Napkins,Kitchen
Modem,Electronics
Planners,Office Supplies
Whiteboard,Office Supplies
Tablet,Electronics
Signatory,Other
Office,Other
Corporation,Other
HDMIs,Electronics
Sharpies,Office Supplies
Stapler,Office Supplies
Battery,Electronics
Carpet,Furniture
Tuxedo,Clothing
Wooden Teak,Furniture
Conditions,Other
Canvas,Furniture
Subtotal,Other
Rulers,Office Supplies
Page,Other
Shelf,Furniture
Skirt,Clothing
Wifis,Electronics
Pot,Kitchen
Boxers,Clothing
Frame,Furniture
Bookshelf,Furniture
Champagne Flute,Kitchen
Bottle,Kitchen
Whiteboard,Office Supplies
Socks,Clothing
Carafe,Kitchen
Range,Kitchen
Ship,Other
Dividers,Office Supplies
Oxford,Clothing
Bra,Clothing
Bluetooth,Electronics
Due,Other
Cider,Beverages
Chardonnay,Beverages
RAM,Electronics
Bookcase,Furniture
Whiskeys,Beverages
Total,Other
Number,Other
Clamp,Office Supplies
SSDs,Electronics
MacBook,Electronics
Calendar,Office Supplies
Trousers,Clothing
Memory,Electronics
Chandelier,Furniture
Marble Sofa,Furniture
Monitor,Electronics
Tequila,Beverages
Denims,Clothing
Dresser,Furniture
Co.,Other
Wok,Kitchen
Email,Other
Wooden Chandelier,Furniture
Pantss,Clothing
Office,Other
Tuxedo,Clothing
LLC,Other
Fixture,Furniture
Liquor,Beverages
Wooden Ottoman,Furniture
Cartridge,Electronics
Portfolios,Office Supplies
Sheets,Kitchen
Plate,Kitchen
Walnuts,Furniture
Hard Drive,Electronics
Payment,Other
Wooden Pine,Furniture
Gin,Beverages
Subtotal,Other
Frame,Furniture
Shelf,Furniture
Coat,Clothing
Group,Other
Kettles,Kitchen
Registered,Other
Conditions,Other
To,Other
Subtotal,Other
Tel,Other
Scissors,Office Supplies
Belt,Clothing
Sons,Other
Spoon,Kitchen
Paper,Office Supplies
Calculators,Office Supplies
Liquor,Beverages
Print,Furniture
Sweaters,Clothing
Marble Granite,Furniture
File,Office Supplies
Calculator,Office Supplies
Marble Walnut,Furniture
Set of Woks,Kitchen
Gown,Clothing
Carpet,Furniture
Shorts,Clothing
Tunic,Clothing
Bookcase,Furniture
Ottoman,Furniture
Blouses,Clothing
Sponge,Kitchen
Sparkling,Beverages
Tape,Office Supplies
Net,Other
Set of Saucepans,Kitchen
Table,Furniture
Roaster,Kitchen
Loafer,Clothing
Bill,Other
Keyboard,Electronics
Pump,Clothing
Phone,Other
State,Other
Scanner,Electronics
Cardstock,Office Supplies
Thank,Other
Bed,Furniture
Memory,Electronics
Sons,Other
Calendars,Office Supplies
Flooring,Furniture
Bench,Furniture
File,Office Supplies
Stapless,Office Supplies
Ottoman,Furniture
Rug,Furniture
Wooden Sofa,Furniture
Sheet,Kitchen
Marble Teak,Furniture
Wifi,Electronics
Range,Kitchen
Payment,Other
VAT,Other
Dr Peppers,Beverages
Microsoft,Electronics
Plates,Kitchen
Thank,Other
Bottle,Kitchen
No.,Other
Denim,Clothing
UPS,Electronics
Net,Other
Crayons,Office Supplies
LED,Furniture
Due,Other
Headset,Electronics
Bed,Furniture
Dress,Clothing
Folder,Office Supplies
Dr Pepper,Beverages
Shirt,Clothing
Adapter,Electronics
Sticker,Office Supplies
Hosiery,Clothing
Marquetry,Furniture
Terms,Other
Heel,Clothing
Stone,Furniture
Refrigerators,Kitchen
Wine Glass,Kitchen
Mouse,Electronics
Highlighter,Office Supplies
Divider,Office Supplies
Wooden Credenza,Furniture
Pin,Office Supplies
Fanta,Beverages
Mixer,Kitchen
Trousers,Clothing
Lights,Furniture
Paid,Other
Glue,Office Supplies
Frame,Furniture
Hard Drive,Electronics
Signature,Other
Hard Drives,Electronics
Reference,Other
Oxford,Clothing
Painting,Furniture
Cider,Beverages
Wooden Light,Furniture
PLC,Other
Marble Credenza,Furniture
Mitten,Clothing
Fantas,Beverages
Pepsi,Beverages
Mirror,Furniture
Method,Other
Ltd,Other
Jacket,Clothing
State,Other
Pixel,Electronics
Folder,Office Supplies
Order,Other
Chardonnay,Beverages
Silverwares,Kitchen
Ltd,Other
Wifi,Electronics
Highlighter,Office Supplies
Thank,Other
Corp,Other
Calculator,Office Supplies
Tel,Other
Corkboard,Office Supplies
Marble Statue,Furniture
Business,Other
Set of Dishs,Kitchen
Oak,Furniture
Champagne Flute,Kitchen
Capris,Clothing
Tablet,Electronics
Knifes,Kitchen
Battery,Electronics
Suit,Clothing
Samsung,Electronics
Cable,Electronics
Oven,Kitchen
Shorts,Clothing
MacBook,Electronics
Job,Other
Mob,Other
Towel,Kitchen
Inlay,Furniture
Screen,Electronics
Pants,Clothing
Paper,Office Supplies
Marble Lamp,Furniture
Liquor,Beverages
Set of Ranges,Kitchen
Desktop,Electronics
Sparkling,Beverages
Sheet,Kitchen
Balance,Other
Bookshelf,Furniture
Shelving,Furniture
Inc,Other
Vest,Clothing
Tablet,Electronics
Stone,Furniture
Cork,Kitchen
HDMI,Electronics
Microwave,Kitchen
Address,Other
Coffee,Beverages
Rum,Beverages
Corp,Other
Corp,Other
Conditions,Other
Sweater,Clothing
Toaster,Kitchen
Report Cover,Office Supplies
MacBook,Electronics
Keyboard,Electronics
Carafe,Kitchen
Jeans,Clothing
SWIFT,Other
Underwear,Clothing
Conditions,Other
Sauvignon,Beverages
Mattress,Furniture
Authorized,Other
Table,Furniture
Clip,Office Supplies
Mirror,Furniture
Marble Stone,Furniture
Ottoman,Furniture
Cable,Electronics
Phone,Other
Boot,Clothing
Power Supply,Electronics
Due,Other
Cap,Clothing
Granite,Furniture
Briefs,Clothing
Invoice,Other
Stones,Furniture
Toners,Electronics
Account,Other
Mob,Other
Coffee Maker,Kitchen
Glass,Kitchen
Shirt,Clothing
Cutlery,Kitchen
Website,Other
Staples,Office Supplies
SWIFT,Other
Cutlerys,Kitchen
Stove,Kitchen
Sandal,Clothing
Processor,Electronics
Pine,Furniture
Cola,Beverages
Mouse,Electronics
Labels,Office Supplies
Coffee Maker,Kitchen
Cola,Beverages
Copier,Electronics
Paper,Office Supplies
Jacket,Clothing
Acer,Electronics
Mob,Other
Gown,Clothing
Beds,Furniture
Tray,Kitchen
Leggingss,Clothing
Scissorss,Office Supplies
Dish,Kitchen
Note,Office Supplies
Wooden Wardrobe,Furniture
Pan,Kitchen
Juice,Beverages
Flatware,Kitchen
From,Other
Ruler,Office Supplies
Skillets,Kitchen
Blazer,Clothing
Graphics Card,Electronics
Blender,Kitchen
Bill,Other
Woods,Furniture
Range,Kitchen
Method,Other
City,Other
Method,Other
Desktop,Electronics
Tax,Other
Planner,Office Supplies
Pencil,Office Supplies
Batterys,Electronics
Number,Other
Napkin,Kitchen
Bourbon,Beverages
Boots,Clothing
Utensils,Kitchen
MacBooks,Electronics
Hard Drive,Electronics
HDMI,Electronics
Cable,Electronics
Chandelier,Furniture
Bluetooth,Electronics
Mittens,Clothing
Signatory,Other
Skirt,Clothing
ThinkPads,Electronics
Marble Armoire,Furniture
Sticker,Office Supplies
Due,Other
Suit,Clothing
Email,Other
MacBook,Electronics
Nightstand,Furniture
Wooden Bookcase,Furniture
Order,Other
Leggings,Clothing
Order,Other
Binder,Office Supplies
Zip,Other
Silverware,Kitchen
Inlay,Furniture
Pens,Office Supplies
Gin,Beverages
Chair,Furniture
Rug,Furniture
IBAN,Other
Cognac,Beverages
Client,Other
Account,Other
Cabinet,Furniture
Desk,Furniture
Page,Other
You,Other
Envelopes,Office Supplies
Trousers,Clothing
Acers,Electronics
Marble Pine,Furniture
Tumblers,Kitchen
Pitcher,Kitchen
Asus,Electronics
Shelving,Furniture
Denim,Clothing
RAM,Electronics
Address,Other
Gross,Other
Pen,Office Supplies
Marble Oak,Furniture
Acer,Electronics
Street,Other
Leggings,Clothing
Jacket,Clothing
Marble Vase,Furniture
Marble Couch,Furniture
PO,Other
Jeans,Clothing
Polo,Clothing
Wooden Vase,Furniture
Seating,Furniture
Stout,Beverages
Seating,Furniture
Sconce,Furniture
Pine,Furniture
ThinkPad,Electronics
Espressos,Beverages
Nightstand,Furniture
Cups,Kitchen
Paid,Other
Balance,Other
Tiles,Furniture
Desktop,Electronics
Date,Other
Flatware,Kitchen
Ethernets,Electronics
Sandal,Clothing
LLC,Other
Goblet,Kitchen
Set of Coffee Makers,Kitchen
Corks,Kitchen
Cork,Kitchen
Stout,Beverages
Bank,Other
Dress,Clothing
Phone,Electronics
Coat,Clothing
Charger,Electronics
Lingeries,Clothing
Blazers,Clothing
Set of Tumblers,Kitchen
Marker,Office Supplies
ThinkPad,Electronics
Dell,Electronics
Marble,Furniture
Cartridge,Electronics
Art,Furniture
Tabs,Office Supplies
Computer,Electronics
Fork,Kitchen
Portfolio,Office Supplies
Staplers,Office Supplies
Seating,Furniture
Laptop,Electronics
Notes,Office Supplies
Capris,Clothing
Marble Drawer,Furniture
State,Other
Signatory,Other
Wooden Shelving,Furniture
iPhones,Electronics
Clamps,Office Supplies
Wifi,Beverages
Armoire,Furniture
Workstations,Electronics
Thank,Other
Oxford,Clothing
Sofa,Furniture
Lingerie,Clothing
Detergents,Kitchen
Job,Other
Ship,Other
Tile,Furniture
To,Other
Uniform,Clothing
Code,Other
Date,Other
Co.,Other
Order,Other
Modems,Electronics
Champagne,Beverages
Group,Other
USB,Electronics
Copiers,Electronics
Beanie,Clothing
Tee,Clothing
State,Other
Registered,Other
Gown,Clothing
Signature,Other
iPhone,Electronics
Account,Other
Total,Other
Sprite,Beverages
Fridge,Kitchen
Marble Mattress,Furniture
Cider,Beverages
Pepsi,Beverages
Microsofts,Electronics
Mattress,Furniture
Chair,Furniture
Paper,Office Supplies
Boot,Clothing
Art,Furniture
Wifi,Beverages
Scanner,Electronics
Seating,Furniture
Polo,Clothing
Shoe,Clothing
Router,Electronics
Job,Other
Marble Wood,Furniture
Set of Carafes,Kitchen
Planner,Office Supplies
Monitors,Electronics
Coke,Beverages
SWIFT,Other
Glove,Clothing
Dishwasher,Kitchen
Prosecco,Beverages
Subtotal,Other
Corp,Other
Saucer,Kitchen
Mug,Kitchen
Website,Other
Corp,Other
Adapter,Electronics
Soda,Beverages
Address,Other
Computers,Electronics
Power Supplys,Electronics
Fax,Other
PLC,Other
Liqueur,Beverages
Fridge,Kitchen
Stouts,Beverages
Planner,Office Supplies
Webcam,Electronics
From,Other
Tequila,Beverages
Wine,Beverages
Coffee Makers,Kitchen
Job,Other
Crayon,Office Supplies
Jeans,Clothing
From,Other
Napkin,Kitchen
Authorized,Other
Bulb,Furniture
Method,Other
Shelfs,Furniture
Sons,Other
Blouse,Clothing
LED,Furniture
Flooring,Furniture
Lager,Beverages
Corporation,Other
Scissors,Office Supplies
Wooden Decor,Furniture
Wooden Painting,Furniture
Account,Other
Thank,Other
Tray,Kitchen
Cap,Clothing
Canvas,Furniture
Carafe,Kitchen
Desk,Furniture
Toner,Electronics
Scarf,Clothing
iPad,Electronics
Due,Other
Statue,Furniture
Smartphones,Electronics
Gin,Beverages
Cardigan,Clothing
Clamp,Office Supplies
Asus,Electronics
Monitor,Electronics
Toner,Electronics
Page,Other
Mugs,Kitchen
Mahogany,Furniture
Tuxedo,Clothing
Ink,Electronics
Fanta,Beverages
Sneaker,Clothing
Clip,Office Supplies
Pan,Kitchen
Page,Other
Co.,Other
Dresser,Furniture
Champagne Flute,Kitchen
Painting,Furniture
Highlighter,Office Supplies
Sharpie,Office Supplies
Set of Cooktops,Kitchen
Bill,Other
Group,Other
Mob,Other
Hub,Electronics
Total,Other
Merlot,Beverages
Saucer,Kitchen
Invoice,Other
Bottle,Kitchen
Tab,Office Supplies
Marble Print,Furniture
Post-it,Office Supplies
Dishwasher,Kitchen
Thank,Other
Set of Saucers,Kitchen
Table,Furniture
Group,Other
Whiteboard,Office Supplies
Rose,Beverages
Set of Soaps,Kitchen
Pepsi,Beverages
Divider,Office Supplies
Power Supply,Electronics
LLC,Other
Screen,Electronics
Mat,Furniture
Stopper,Kitchen
Charger,Electronics
Dish,Kitchen
Phone,Other
Purchase,Other
Label,Office Supplies
Microphone,Electronics
Net,Other
Group,Other
Scotch,Beverages
Juice,Beverages
Signature,Other
Portfolio,Office Supplies
Print,Furniture
Tax,Other
Registered,Other
Bulbs,Furniture
Lamp,Furniture
From,Other
Set of Toasters,Kitchen
Tights,Clothing
Pump,Clothing
IBAN,Other
Keyboard,Electronics
Marquetry,Furniture
Oven,Kitchen
Pots,Kitchen
Napkin,Kitchen
Bluetooths,Electronics
Tile,Furniture
Shirt,Clothing
Bluetooth,Electronics
Phone,Other
Toaster,Kitchen
Stove,Kitchen
Jacket,Clothing
Conditions,Other
City,Other
Highlighter,Office Supplies
Table,Furniture
Coffee,Beverages
Code,Other
Dell,Electronics
Wifi,Electronics
Gloves,Clothing
Pepsis,Beverages
Keyboard,Electronics
Coffee Maker,Kitchen
Lager,Beverages
LLC,Other
Gins,Beverages
Amount,Other
Switch,Electronics
Graphics Card,Electronics
Tie,Clothing
Coke,Beverages
Scarf,Clothing
Asuss,Electronics
Samsungs,Electronics
Shoe,Clothing
Desk,Furniture
Dells,Electronics
Purchase,Other
Prints,Furniture
Code,Other
Glass,Kitchen
Flooring,Furniture
Flat,Clothing
Brandy,Beverages
Vase,Furniture
Set of Sponges,Kitchen
Credenza,Furniture
Projector,Electronics
Tax,Other
No.,Other
City,Other
Freezer,Kitchen
Rose,Beverages
Pen,Office Supplies
Corp,Other
Bench,Furniture
Lenovo,Electronics
State,Other
Utensil,Kitchen
Shoes,Clothing
Date,Other
Network,Electronics
Belts,Clothing
Canvas,Furniture
Range,Kitchen
Bookcase,Furniture
Lager,Beverages
Set of Pitchers,Kitchen
Total,Other
Email,Other
Tape,Office Supplies
Sticker,Office Supplies
Socks,Clothing
Wooden Inlay,Furniture
Saucepan,Kitchen
Corkboard,Office Supplies
Co.,Other
Cabinet,Furniture
Beanie,Clothing
Marble Canvas,Furniture
Memorys,Electronics
Heels,Clothing
Galaxy,Electronics
LLC,Other
Soap,Kitchen
Asus,Electronics
Marble Dresser,Furniture
Pines,Furniture
Refrigerator,Kitchen
Thank,Other
Printer,Electronics
Inlay,Furniture
Cola,Beverages
Cutlery,Kitchen
Bill,Other
Bluetooth,Electronics
Champagne Flute,Kitchen
IBAN,Other
Uniforms,Clothing
Liquor,Beverages
Stopper,Kitchen
Denim,Clothing
SSD,Electronics
Marble Mahogany,Furniture
Mailer,Office Supplies
Ottoman,Furniture
Bluetooth,Electronics
Marquetry,Furniture
Espresso,Beverages
Gross,Other
Set of Champagne Flutes,Kitchen
Tights,Clothing
Payment,Other
Boxers,Clothing
Desktop,Electronics
Skirts,Clothing
Lagers,Beverages
Cider,Beverages
Reference,Other
Signatory,Other
Teak,Furniture
Tack,Office Supplies
Tumbler,Kitchen
LLC,Other
Fridge,Kitchen
Pepsi,Beverages
Goblets,Kitchen
Chair,Furniture
Stoppers,Kitchen
Liquors,Beverages
Skirt,Clothing
To,Other
PO,Other
File,Office Supplies
Pencil,Office Supplies
Hat,Clothing
Fixture,Furniture
Glues,Office Supplies
Blouse,Clothing
Set of Cutlerys,Kitchen
Scotch,Beverages
Ruler,Office Supplies
Bill,Other
Beer,Beverages
Wooden Drawer,Furniture
Amount,Other
Computer,Electronics
Email,Other
Date,Other
Mouse,Electronics
Processor,Electronics
HDMI,Electronics
Acer,Electronics
Sprite,Beverages
Stopper,Kitchen
Boxerss,Clothing
Jacket,Clothing
Thank,Other
Pants,Clothing
Power Supply,Electronics
No.,Other
Wooden Mat,Furniture
Office,Other
Signatory,Other
Bra,Clothing
Brandy,Beverages
Net,Other
Coffee,Beverages
Stapler,Office Supplies
Hosiery,Clothing
Cartridge,Electronics
Email,Other
Website,Other
You,Other
Stout,Beverages
Ranges,Kitchen
Paid,Other
Saucers,Kitchen
Wine Glass,Kitchen
Zip,Other
GPUs,Electronics
Inc,Other
iPad,Electronics
Fax,Other
Address,Other
Pump,Clothing
Spoon,Kitchen
Belt,Clothing
Beanie,Clothing
Loafer,Clothing
Pan,Kitchen
Gowns,Clothing
Cognac,Beverages
Glass,Kitchen
Ink,Electronics
Microwave,Kitchen
Cardstock,Office Supplies
State,Other
Microphone,Electronics
Benchs,Furniture
Wifi,Electronics
Bowl,Kitchen
From,Other
Ethernet,Electronics
Shelvings,Furniture
Stool,Furniture
Glass,Kitchen
Walnut,Furniture
Address,Other
Business,Other
SWIFT,Other
Mirror,Furniture
Reference,Other
Sconce,Furniture
Tie,Clothing
Wooden Mirror,Furniture
Saucepan,Kitchen
Light,Furniture
Painting,Furniture
Shelf,Furniture
Dresser,Furniture
Signatory,Other
Microwaves,Kitchen
Cognac,Beverages
Job,Other
Marble Wardrobe,Furniture
Sandals,Clothing
Post-it,Office Supplies
Teak,Furniture
Fixtures,Furniture
Invoice,Other
Set of Towels,Kitchen
Cabernet,Beverages
Authorized,Other
Vest,Clothing
Water,Beverages
Bowl,Kitchen
Blouse,Clothing
Beer,Beverages
Mahogany,Furniture
Wifi,Beverages
Set of Silverwares,Kitchen
Liqueur,Beverages
Coats,Clothing
Silverware,Kitchen
Bulb,Furniture
Scarf,Clothing
Corporation,Other
Tuxedo,Clothing
Marble Fixture,Furniture
Saucepan,Kitchen
Sneaker,Clothing
Terms,Other
CPU,Electronics
Gin,Beverages
Chargers,Electronics
Colas,Beverages
Skillet,Kitchen
Copier,Electronics
Polo,Clothing
Skirt,Clothing
Battery,Electronics
Juices,Beverages
Quartz,Furniture
Sponge,Kitchen
Cup,Kitchen
Date,Other
Cardigan,Clothing
Battery,Electronics
Report Covers,Office Supplies
Kettle,Kitchen
Set of Spoons,Kitchen
Wooden Marble,Furniture
Mirror,Furniture
Order,Other
Coat,Clothing
Roaster,Kitchen
Shoe,Clothing
Samsung,Electronics
Espresso,Beverages
Paintings,Furniture
Memory,Electronics
Co.,Other
Phones,Electronics
SSD,Electronics
Dishwasher,Kitchen
Soda,Beverages
Invoice,Other
Mahoganys,Furniture
Number,Other
Stone,Furniture
Cup,Kitchen
Pin,Office Supplies
Couch,Furniture
Bleachs,Kitchen
LEDs,Furniture
Drawer,Furniture
Website,Other
Shorts,Clothing
Paper,Office Supplies
Pine,Furniture
Silverware,Kitchen
Purchase,Other
Gross,Other
Balance,Other
Payment,Other
Bookshelf,Furniture
Shelving,Furniture
Projector,Electronics
LED,Furniture
Sharpie,Office Supplies
Print,Furniture
Mixer,Kitchen
Mailer,Office Supplies
Armoires,Furniture
Plate,Kitchen
Portfolio,Office Supplies
Purchase,Other
Scotch,Beverages
Bleach,Kitchen
Arts,Furniture
Suits,Clothing
Cabernets,Beverages
Eraser,Office Supplies
Staples,Office Supplies
Granites,Furniture
Espresso,Beverages
Champagne Flute,Kitchen
Cardstocks,Office Supplies
Router,Electronics
Flat,Clothing
Quartz,Furniture
Underwear,Clothing
Denim,Clothing
Co.,Other
Beanie,Clothing
Print,Furniture
Set of Cups,Kitchen
Dr Pepper,Beverages
Marble Shelf,Furniture
No.,Other
Highlighters,Office Supplies
Utensil,Kitchen
Tel,Other
Tunics,Clothing
Crayon,Office Supplies
Trousers,Clothing
Suit,Clothing
Bank,Other
Wines,Beverages
Cola,Beverages
Set of Flatwares,Kitchen
Processor,Electronics
Paid,Other
Cabernet,Beverages
Hosierys,Clothing
iPad,Electronics
Tack,Office Supplies
RAMs,Electronics
Water,Beverages
Desktop,Electronics
Client,Other
Registered,Other
Code,Other
SSD,Electronics
Conditions,Other
Planner,Office Supplies
You,Other
Granite,Furniture
Cardstock,Office Supplies
Hats,Clothing
Tee,Clothing
Mattress,Furniture
Binders,Office Supplies
Prosecco,Beverages
Envelopes,Office Supplies
LLC,Other
Microsoft,Electronics
Skirt,Clothing
Vest,Clothing
Freezers,Kitchen
Code,Other
Memory,Electronics
Set of Microwaves,Kitchen
Flatware,Kitchen
Merlots,Beverages
Nightstands,Furniture
Set of Blenders,Kitchen
iPads,Electronics
Liquor,Beverages
Ale,Beverages
Clip,Office Supplies
Fridge,Kitchen
Mattress,Furniture
Shelf,Furniture
Invoice,Other
Bank,Other
GPU,Electronics
Bench,Furniture
Kettle,Kitchen
Marquetrys,Furniture
Dell,Electronics
Wooden Desk,Furniture
Mob,Other
Graphics Card,Electronics
Credenza,Furniture
Bank,Other
LLC,Other
IBAN,Other
Tops,Clothing
Beer,Beverages
Tee,Clothing
PO,Other
Post-it,Office Supplies
Armoire,Furniture
Drawer,Furniture
Bleach,Kitchen
From,Other
Mats,Furniture
Inks,Electronics
Whiskey,Beverages
Fork,Kitchen
Pump,Clothing
IPA,Beverages
Binder,Office Supplies
Tie,Clothing
Tax,Other
Lager,Beverages
Marble Decor,Furniture
Shorts,Clothing
Dressers,Furniture
Sconce,Furniture
Microphone,Electronics
Processor,Electronics
Marble Sconce,Furniture
Socks,Clothing
USBs,Electronics
Set of Pans,Kitchen
Shortss,Clothing
Set of Wine Glasss,Kitchen
Wooden Frame,Furniture
Website,Other
Bed,Furniture
Chardonnay,Beverages
Corp,Other
Pen,Office Supplies
Pants,Clothing
Balance,Other
Toaster,Kitchen
Refrigerator,Kitchen
Tunic,Clothing
Mitten,Clothing
Beers,Beverages
Toner,Electronics
Flatwares,Kitchen
Marbles,Furniture
Tumbler,Kitchen
Tack,Office Supplies
Bank,Other
Water,Beverages
Ottoman,Furniture
Shelving,Furniture
Marble Marquetry,Furniture
State,Other
Pepsi,Beverages
IBAN,Other
Marble Nightstand,Furniture
Cup,Kitchen
Marble Bookcase,Furniture
Wine Glasss,Kitchen
Sons,Other
Group,Other
Polo,Clothing
Invoice,Other
Client,Other
Bras,Clothing
Phone,Electronics
PO,Other
Balance,Other
Lenovo,Electronics
PLC,Other
Champagne,Beverages
Ethernet,Electronics
Set of Ovens,Kitchen
Tumbler,Kitchen
Bourbons,Beverages
Light,Furniture
Marble Mirror,Furniture
Keyboard,Electronics
Stools,Furniture
SWIFT,Other
Saucepans,Kitchen
Zip,Other
Bed,Furniture
Napkin,Kitchen
Group,Other
Top,Clothing
Copier,Electronics
Tablets,Electronics
Cola,Beverages
Headset,Electronics
Sons,Other
Wood,Furniture
Paid,Other
Routers,Electronics
Marble Chandelier,Furniture
Wifi,Electronics
Flatware,Kitchen
Number,Other
Pixel,Electronics
Tel,Other
City,Other
Glue,Office Supplies
Net,Other
Business,Other
Page,Other
Set of Fridges,Kitchen
Hat,Clothing
Smartphone,Electronics
PLC,Other
Crayon,Office Supplies
Payment,Other
Pencils,Office Supplies
Page,Other
Tie,Clothing
Tea,Beverages
Sons,Other
Teas,Beverages
Cap,Clothing
PLC,Other
Street,Other
Server,Electronics
Smartphone,Electronics
Bra,Clothing
Canvas,Furniture
Apple,Electronics
Hard Drive,Electronics
IPAs,Beverages
Brandy,Beverages
GPU,Electronics
Network,Electronics
Cloths,Kitchen
Waters,Beverages
Signature,Other
Mob,Other
Number,Other
Wifi,Beverages
Address,Other
Knife,Kitchen
Printers,Electronics
Freezer,Kitchen
Email,Other
Granite,Furniture
Marble Bed,Furniture
Bottle,Kitchen
Set of Trays,Kitchen
Due,Other
PLC,Other
ThinkPad,Electronics
Ship,Other
Registered,Other
Plate,Kitchen
Liqueurs,Beverages
To,Other
Pencil,Office Supplies
Group,Other
HP,Electronics
Tea,Beverages
Rums,Beverages
Beanies,Clothing
Printer,Electronics
Headsets,Electronics
Total,Other
MacBook,Electronics
Mailer,Office Supplies
Couch,Furniture
Table,Furniture
Paid,Other
Tapes,Office Supplies
Business,Other
Total,Other
Pixel,Electronics
Balance,Other
Set of Goblets,Kitchen
Method,Other
Wardrobe,Furniture
Blender,Kitchen
Coke,Beverages
Lamp,Furniture
Ties,Clothing
Ltd,Other
Rum,Beverages
Vodka,Beverages
Flooring,Furniture
Blouse,Clothing
Tack,Office Supplies
Marble Bench,Furniture
Page,Other
Art,Furniture
Gross,Other
Webcams,Electronics
PO,Other
Whiskey,Beverages
Signature,Other
Champagne Flutes,Kitchen
Note,Office Supplies
Pitcher,Kitchen
Net,Other
Calendar,Office Supplies
Underwear,Clothing
Invoice,Other
Code,Other
Sons,Other
Job,Other
Sockss,Clothing
Trousers,Clothing
Invoice,Other
Terms,Other
Code,Other
Gross,Other
Tape,Office Supplies
Lamp,Furniture
Wooden Quartz,Furniture
Sparklings,Beverages
Lager,Beverages
File,Office Supplies
Glove,Clothing
Decor,Furniture
Printer,Electronics
Champagne,Beverages
Mattress,Furniture
Fax,Other
Modem,Electronics
GPU,Electronics
Ltd,Other
Authorized,Other
Mailer,Office Supplies
Print,Furniture
Rug,Furniture
Toasters,Kitchen
Tray,Kitchen
Stool,Furniture
Signatory,Other
Scanners,Electronics
Street,Other
Top,Clothing
Frame,Furniture
Wooden Print,Furniture
Router,Electronics
Wooden Fixture,Furniture
Hoodie,Clothing
Switch,Electronics
VAT,Other
Blazer,Clothing
Flat,Clothing
Phone,Other
Apple,Electronics
Switch,Electronics
Calculator,Office Supplies
HP,Electronics
To,Other
Tray,Kitchen
Wooden Bed,Furniture
Toaster,Kitchen
Sharpie,Office Supplies
Apple,Electronics
Tightss,Clothing
Pitcher,Kitchen
Corporation,Other
Set of Sheets,Kitchen
UPS,Electronics
Scissors,Office Supplies
Laptop,Electronics
Cooktop,Kitchen
Adhesive,Office Supplies
Terms,Other
Headset,Electronics
RAM,Electronics
Decor,Furniture
Street,Other
Cutlery,Kitchen
Heel,Clothing
Business,Other
Saucer,Kitchen
Post-it,Office Supplies
Briefs,Clothing
Ship,Other
Report Cover,Office Supplies
Method,Other
Sauvignon,Beverages
Wooden Bulb,Furniture
Thank,Other
Tray,Kitchen
Mouses,Electronics
Pot,Kitchen
Scissors,Office Supplies
Utensil,Kitchen
Shirts,Clothing
Range,Kitchen
Boot,Clothing
Wooden Marquetry,Furniture
Balance,Other
Post-it,Office Supplies
Corporation,Other
Pixel,Electronics
Fork,Kitchen
Roaster,Kitchen
You,Other
Code,Other
Calendar,Office Supplies
CPU,Electronics
Router,Electronics
Couch,Furniture
Wardrobe,Furniture
Set of Stoppers,Kitchen
Fixture,Furniture
Freezer,Kitchen
Network,Electronics
Workstation,Electronics
Hub,Electronics
Office,Other
Cognac,Beverages
Set of Kettles,Kitchen
Pinot,Beverages
Total,Other
Tack,Office Supplies
Bottle,Kitchen
Hosiery,Clothing
Teak,Furniture
Tax,Other
Bill,Other
No.,Other
Napkin,Kitchen
Dish,Kitchen
Apple,Electronics
City,Other
Underwear,Clothing
Reference,Other
Marble Table,Furniture
Processors,Electronics
Terms,Other
Power Supply,Electronics
Conditions,Other
Client,Other
Ink,Electronics
Top,Clothing
Rose,Beverages
Lingerie,Clothing
Power Supply,Electronics
Stout,Beverages
Ale,Beverages
Apples,Electronics
Fridge,Kitchen
SSD,Electronics
Mat,Furniture
Shirt,Clothing
Bench,Furniture
Plate,Kitchen
Caps,Clothing
Drawers,Furniture
Tape,Office Supplies
Bulb,Furniture
Smartphone,Electronics
Sofas,Furniture
Ethernet,Electronics
Wine Glass,Kitchen
Date,Other
Set of Cloths,Kitchen
Amount,Other
Merlot,Beverages
Denim,Clothing
Bookcase,Furniture
Cooktop,Kitchen
Server,Electronics
Amount,Other
Silverware,Kitchen
Flats,Clothing
Address,Other
Subtotal,Other
Coke,Beverages
Set of Freezers,Kitchen
Bill,Other
Rugs,Furniture
Suit,Clothing
Network,Electronics
Stopper,Kitchen
Group,Other
Account,Other
Cabinet,Furniture
No.,Other
Oven,Kitchen
Sponges,Kitchen
Knife,Kitchen
Mob,Other
Cutlery,Kitchen
Tel,Other
Inlays,Furniture
Freezer,Kitchen
Sharpie,Office Supplies
Loafers,Clothing
Tights,Clothing
Payment,Other
Graphics Card,Electronics
You,Other
Chardonnay,Beverages
Champagne,Beverages
City,Other
Espresso,Beverages
Registered,Other
Microphone,Electronics
Bottles,Kitchen
Bill,Other
Tel,Other
Decor,Furniture
Roasters,Kitchen
Sauvignon,Beverages
Pitcher,Kitchen
Number,Other
Date,Other
Underwears,Clothing
Oxford,Clothing
Mob,Other
Email,Other
Fixture,Furniture
Balance,Other
Microsoft,Electronics
Marble Art,Furniture
Purchase,Other
Purchase,Other
Pin,Office Supplies
Net,Other
Payment,Other
Signature,Other
RAM,Electronics
IBAN,Other
Set of Napkins,Kitchen
Zip,Other
PO,Other
Switchs,Electronics
Microwave,Kitchen
Scarf,Clothing
Wardrobe,Furniture
Marker,Office Supplies
Sponge,Kitchen
Armoire,Furniture
Sconce,Furniture
Signatory,Other
Street,Other
Scotch,Beverages
SSD,Electronics
Loafer,Clothing
Screen,Electronics
Bulb,Furniture
Tab,Office Supplies
Subtotal,Other
Cognac,Beverages
Fax,Other
Clamp,Office Supplies
Reference,Other
Chairs,Furniture
Tax,Other
Marble Shelving,Furniture
Wooden Walnut,Furniture
iPad,Electronics
Marble Bulb,Furniture
Marble Seating,Furniture
Corkboard,Office Supplies
Page,Other
Forks,Kitchen
Pinot,Beverages
Signature,Other
Pan,Kitchen
Soap,Kitchen
Flat,Clothing
Clamp,Office Supplies
VAT,Other
Vase,Furniture
Code,Other
Pitcher,Kitchen
Suit,Clothing
Fanta,Beverages
Marble Frame,Furniture
Cork,Kitchen
Corporation,Other
Vodka,Beverages
SWIFT,Other
Credenza,Furniture
Graphics Cards,Electronics
Mailers,Office Supplies
Street,Other
Hub,Electronics
Net,Other
Refrigerator,Kitchen
Clip,Office Supplies
Pencil,Office Supplies
Method,Other
Desks,Furniture
Mixer,Kitchen
Marble LED,Furniture
Fax,Other
Phone,Electronics
Thank,Other
Tab,Office Supplies
Due,Other
Goblet,Kitchen
Ship,Other
Markers,Office Supplies
Dr Pepper,Beverages
Hosiery,Clothing
Flat,Clothing
Uniform,Clothing
Envelopes,Office Supplies
Oak,Furniture
Juice,Beverages
Ruler,Office Supplies
Galaxys,Electronics
Blouse,Clothing
Leggings,Clothing
Gown,Clothing
Pitchers,Kitchen
Soap,Kitchen
Saucer,Kitchen
PLC,Other
Wooden Mahogany,Furniture
Marble Carpet,Furniture
Scanner,Electronics
Corp,Other
Networks,Electronics
Pin,Office Supplies
Glass,Kitchen
Champagnes,Beverages
Dresser,Furniture
Ale,Beverages
Mixers,Kitchen
Tights,Clothing
PO,Other
Lenovo,Electronics
Tunic,Clothing
Tile,Furniture
Boot,Clothing
Marble Tile,Furniture
Fax,Other
Highlighter,Office Supplies
Business,Other
Leggings,Clothing
Uniform,Clothing
Stopper,Kitchen
Terms,Other
Fanta,Beverages
Mat,Furniture
Set of Bowls,Kitchen
HP,Electronics
Soap,Kitchen
Wooden Statue,Furniture
Tablet,Electronics
To,Other
Towels,Kitchen
Tequilas,Beverages
To,Other
Servers,Electronics
Wooden Oak,Furniture
Wooden Shelf,Furniture
Keyboards,Electronics
Silverware,Kitchen
Terms,Other
Tea,Beverages
Uniform,Clothing
Set of Detergents,Kitchen
Mob,Other
Amount,Other
Dr Pepper,Beverages
Charger,Electronics
HP,Electronics
Toner,Electronics
Knife,Kitchen
Boxers,Clothing
Capriss,Clothing
Scotch,Beverages
Cabinets,Furniture
Knife,Kitchen
Ale,Beverages
Bookshelf,Furniture
Vases,Furniture
Phone,Other
Vests,Clothing
Tel,Other
Set of Roasters,Kitchen
Marble Flooring,Furniture
Lamp,Furniture
Nightstand,Furniture
Address,Other
Statue,Furniture
Cooktop,Kitchen
Zip,Other
Teak,Furniture
Authorized,Other
Smartphone,Electronics
Dr Pepper,Beverages
Cider,Beverages
Server,Electronics
Projector,Electronics
Stickers,Office Supplies
Stool,Furniture
Sweater,Clothing
Goblet,Kitchen
Set of Utensils,Kitchen
Bookcase,Furniture
Jackets,Clothing
Set of Forks,Kitchen
Group,Other
Reference,Other
Wok,Kitchen
Tequila,Beverages
Wooden Mattress,Furniture
Wok,Kitchen
Galaxy,Electronics
Mitten,Clothing
Stapler,Office Supplies
No.,Other
Pan,Kitchen
Tights,Clothing
Glue,Office Supplies
Mouse,Electronics
Vest,Clothing
Wooden Table,Furniture
Boxers,Clothing
Inc,Other
Sons,Other
Scanner,Electronics
Envelopess,Office Supplies
Gin,Beverages
Cloth,Kitchen
Pixel,Electronics
Blender,Kitchen
Dress,Clothing
Beer,Beverages
Adapters,Electronics
Belt,Clothing
Business,Other
Microwave,Kitchen
VAT,Other
Granite,Furniture
Note,Office Supplies
Jeans,Clothing
Pinot,Beverages
You,Other
Hat,Clothing
HPs,Electronics
Cables,Electronics
Co.,Other
Tumbler,Kitchen
Signature,Other
Client,Other
Calculator,Office Supplies
Sandal,Clothing
Order,Other
Website,Other
LLC,Other
Folder,Office Supplies
Cokes,Beverages
Gross,Other
Saucepan,Kitchen
Number,Other
From,Other
Monitor,Electronics
Street,Other
Phone,Other
PO,Other
Sheet,Kitchen
Conditions,Other
Blazer,Clothing
Loafer,Clothing
Underwear,Clothing
SWIFT,Other
Couch,Furniture
Stapler,Office Supplies
VAT,Other
Binder,Office Supplies
Inc,Other
No.,Other
Authorized,Other
Tab,Office Supplies
Briefss,Clothing
Set of Mixers,Kitchen
IPA,Beverages
Dishs,Kitchen
Lamp,Furniture
Whiskey,Beverages
Modem,Electronics
Mixer,Kitchen
Staples,Office Supplies
Office,Other
Briefs,Clothing
Scotchs,Beverages
Client,Other
IBAN,Other
Fridges,Kitchen
Due,Other
Wok,Kitchen
Due,Other
Scarf,Clothing
Authorized,Other
Mitten,Clothing
Pixels,Electronics
LED,Furniture
Wine Glass,Kitchen
Fax,Other
Roses,Beverages
Router,Electronics
Whiteboard,Office Supplies
Skillet,Kitchen
Shirt,Clothing
Corporation,Other
Capris,Clothing
Sparkling,Beverages
Crayon,Office Supplies
Pants,Clothing
Rose,Beverages
Inc,Other
IPA,Beverages
Microphones,Electronics
Server,Electronics
Cap,Clothing
Carafe,Kitchen
Scissors,Office Supplies
iPhone,Electronics
Purchase,Other
Wooden Flooring,Furniture
Ltd,Other
Cartridge,Electronics
Ship,Other
Desk,Furniture
Drawer,Furniture
Phone,Other
Sauvignon,Beverages
Inlay,Furniture
Clamp,Office Supplies
Terms,Other
Bourbon,Beverages
Lingerie,Clothing
Sticker,Office Supplies
Merlot,Beverages
Mug,Kitchen
Polos,Clothing
Roaster,Kitchen
Quartz,Furniture
Dress,Clothing
Juice,Beverages
Decor,Furniture
Glove,Clothing
Granite,Furniture
Cooktops,Kitchen
Bowls,Kitchen
Marble,Furniture
Corporation,Other
Report Cover,Office Supplies
Bowl,Kitchen
Files,Office Supplies
Bank,Other
Binder,Office Supplies
Skillet,Kitchen
Mat,Furniture
Computer,Electronics
Tax,Other
Office,Other
Bank,Other
Shelving,Furniture
Projector,Electronics
Walnut,Furniture
Method,Other
Sprites,Beverages
Vodka,Beverages
UPS,Electronics
Mitten,Clothing
Marble Inlay,Furniture
Marquetry,Furniture
Soda,Beverages
Paid,Other
Walnut,Furniture
Gross,Other
Erasers,Office Supplies
Tee,Clothing
Tables,Furniture
Bleach,Kitchen
Ale,Beverages
Marble Rug,Furniture
Fanta,Beverages
Method,Other
You,Other
Soaps,Kitchen
Number,Other
Bill,Other
Registered,Other
Authorized,Other
Client,Other
Chair,Furniture
Sheet,Kitchen
Galaxy,Electronics
Seatings,Furniture
Detergent,Kitchen
Utensil,Kitchen
Tie,Clothing
Pine,Furniture
Nightstand,Furniture
You,Other
Blazer,Clothing
Soap,Kitchen
Trouserss,Clothing
Paid,Other
Toner,Electronics
Mug,Kitchen
iPhone,Electronics
ThinkPad,Electronics
USB,Electronics
UPS,Electronics
Whiskey,Beverages
Spoon,Kitchen
Wardrobe,Furniture
You,Other
Laptops,Electronics
Phone,Other
Adhesive,Office Supplies
Account,Other
Blender,Kitchen
Hosiery,Clothing
Account,Other
Tees,Clothing
Capris,Clothing
VAT,Other
Tacks,Office Supplies
Stove,Kitchen
Sneaker,Clothing
Stove,Kitchen
Eraser,Office Supplies
Mat,Furniture
Whiteboard,Office Supplies
Vodka,Beverages
Subtotal,Other
Carpet,Furniture
Battery,Electronics
Tea,Beverages
Reference,Other
Marble Chair,Furniture
Skillet,Kitchen
Sandal,Clothing
Hoodies,Clothing
Stove,Kitchen
Wooden Cabinet,Furniture
Ruler,Office Supplies
Tape,Office Supplies
Date,Other
Scanner,Electronics
Painting,Furniture
Skillet,Kitchen
Hub,Electronics
Reference,Other
Divider,Office Supplies
Cloth,Kitchen
Fax,Other
